Timestamp,Nama Lengkap,Nama Panggilan,Nama Ayah,Nama Ibu,Anak Ke,Berapa Bersaudara,Alamat Lengkap,Tanggal Lahir,Pendidikan,Pekerjaan,Nomor HP/WA,"Email, Media Sosial (FB, IG, dan Twitter)"
16/09/2021 11:41:30,Claudia Aruan,Claudia,-,-,3,4,-,18/10/1990,S1,Aparatur Sipil Negara,-,-
16/09/2021 12:03:49,Andrea Gracia Emmanuela Panggabean,Andrea,Anggiat Panggabean,Anggreini Purba,1,1,"Apartemen Kalibata City Unit N/16/CG. Jalan Kalibata Raya No. 1 Jakarta Selatan
",17/06/2020,-,-,-,-
16/09/2021 11:54:28,Anggreini Permata Utami Purba,Sendy,Antoni Purba,Dian Sitompul,1,5,Apartemen Kalibata City Unit N/16/CG. Jalan Kalibata Raya No.1 Jakarta Selatan,11/08/1990,Sarjana,Pegawai Negeri,081281760022,anggreini.purba@gmail.com
17/09/2021 14:31:46,Stevi FR Lumbantobing,Stevi,Bresman Lumbantobing,Donna Hutagalung,3,5,Jl. Dr. Kasih Blok A No.9. ( dekat STIE Kasih Bangsa). Kebun Jeruk. Jakarta Barat.,03/02/1986,Sarjana S1,Karyawan BUMN,082199507621,stevifuruya@gmail.com
14/09/2021 11:38:59,Petrus Stuart Mller Sirait,"Petrus, Tutus",Brisben Sirait,Hanna Dumaris Lumbantobing,1,2,"Jl. Kertas Tik No. 1 Pematangsiantar, Ke. Siopat Suhu Kec. Siantar Timur Kota Pematangsiantar 21136",11/04/1997,S1,Wiraswasta,081396500777,peterstums
14/09/2021 11:41:07,Paulus George Sirait,Paul,Brisben Sirait,Hanna Dumaris Lumbantobing,2,2,"Jl. Kertas Tik No. 1, Kel. Siopat Suhu Kec. Siantar Timur Kota Pematangsiantar 21136",02/07/2005,SMA,Pelajar,08116502333,paulus_george_sirait
16/09/2021 19:43:08,Toga Oloan Panjaitan ,Oloan,Dahu Panjaitan ,Igo Br. Siagian  ,5,8,"Jl. E Ujung Kavling Agung Podomoro Blok A-9 Kebun Jeruk, Jakarta Barat ",25/12/1940,S1-Teknik Kimia,Pensiunan Pegawai Negri Sipil ,+62 811 9412313 / +62 878 37731763 (WA),Tidak ada 
16/09/2021 8:46:16,Nehemia Asadika Tumogihon Saragih,Hemi,Dat Iman Surana,Priska Basariana Panggabean,1,3,"Debang Taman Sari A29, Jln Flamboyan Raya no.100 Medan 20135",03/11/2011,.,.,.,.
16/09/2021 8:47:56,Haggai Amourdika Nahasea Saragih,Sea,Dat Iman Surana,Priska Basariana Panggabean,2,3,"Debang Taman Sari A29, Jln Flamboyan Raya no.100 Medan 20135",15/05/2014,.,.,.,.
16/09/2021 8:51:24,Eirene Harauli Narisdika Saragih,Hara,Dat Iman Surana,Priska Basariana Panggabean,3,3,"Debang Taman Sari A29, Jln Flamboyan no.100 Medan 20135",07/07/2021,.,.,.,.
14/09/2021 11:14:48,Netty berliana hutapea,Netty,Demak Faris Hutapea,Mastiur Simatupang,6,7,"de park cluster de cakuputi blok AA6 no 2 BSD City, Tangerang 15331",22/07/1971,D3,Ibu Rumah Tangga,08126097971,netty_berliana@yahoo.com
18/09/2021 16:36:12,Rolan Erick Marasal Panjaitan,Rolan,Toga Oloan Panjaitan,Rohana Flora Sirait,1,4,"BSD City, De Park, Cluster De Cajuputi Blok AA6 no.2, Jln.Bumi Foresta, Tangerang Banten",19/09/1972,S2,Karyawan BUMN,0811611972,rolanacp1234@gmail.com
20/09/2021 16:51:56,Angelin Panjaitan,Angie,Rolan Panjaitan,Netty Hutapea,1,2,De Park BSD,24/04/2000,Kuliah,Pelajar,-,angiepanjaitan
27/09/2021 16:24:02,Daniel riandy darmawan panggabean ,Daniel,Valentino panggabean,Hotnida sirait,3,4,Jalan tanjung permai IX no.154 komp BTN,23/11/1984,S2,Wiraswasta,08126501073,Fb ( Daniel Panggabean)
27/09/2021 16:27:11,Eldha novarina tarigan,Eldha,Drs karbin Tarign Mpd,Wati sihombing,1,4,Jalan tanjung permai IX no.154 komp BTN,22/02/1985,S2,Dokter,081376875888,Ig ( eldha_novarina)
14/09/2021 10:32:00,Lucynda Tanjung,Lucy,Elman Tanjung,Frida Hutagalung,6,7,Jl. Nusa permai malibu Blok A No. 65 Medan,31/01/1961,SMA,Ibu rumah tangga,HP: 0811610333 WA: 081370462333,@luci_delucious
14/09/2021 12:05:33,Zefanya Ruth Annabelle Simorangkir,Zee,Ferdinand Dermawan Simorangkir,Easter Tiur Magdalena Sirait,1,3,Jl. Alam Pesanggrahan IV Blok OH-19 No. 31 Cinere - Depok,24/10/2012,SD,Pelajar,-,-
14/09/2021 12:07:43,Reinhart Abiel Yishai Simorangkir,Yishai,Ferdinand Dermawan Simorangkir,Easter Tiur Magdalena Sirait,2,3,Jl. Alam Pesanggrahan IV Blok OH-19 No. 31 Cinere - Depok,29/07/2015,SD,Pelajar,-,-
14/09/2021 12:11:16,Annaliese Leah Princesa Simorangkir,Leah/Ceca,Ferdinand Dermawan Simorangkir,Easter Tiur Magdalena Sirait,3,3,Jl. Alam Pesanggrahan IV Blok OH-19 No. 31 Cinere - Depok,13/10/2020,-,-,-,-
14/09/2021 11:09:48,Ralana Priyanka Sirait,Priyanka,Franky Partogi Wijaya Sirait,Revinanda Pangaribuan,1,2,"Jl nusa permai malibu a no 65,medan",24/09/2019,-,-,-,-
14/09/2021 11:10:38,Rex Jedidiah Sirait,Rex,Franky Partogi Wijaya Sirait,Revinanda Pangaribuan,2,2,"Jl nusa permai malibu a no 65,medan",16/06/2021,-,-,-,-
16/09/2021 12:17:09,Rudolf Valentino Panggabean,"Valen, Pak Priska",Humala Toga Mulia Panggabean,Serepina Pardede,1,1,.,11/06/1954,.,.,.,.
14/09/2021 14:55:13,Setin Damanik,Setin,I.Manik,Simangunsong,5,9,"JL. Sei Putih Baru no.6b, Medan",17/07/1957,S-1,Pensiunan,0811618661,-
15/09/2021 19:20:00,Junita Herlina Gultom,Butet,J H Gultom,S Simanjuntak,7,9,"Domisili : Jln Sei Batang Serangan No 86, Medan, Sumatera Utara",09/06/1962,D3 PAP,Ibu Rumah Tangga,0813-6400-7423,FB : Butet Junita Gultom
17/09/2021 14:36:59,Ruth Elena Francine Panjaitan,Ruth,Joy Andrew Jagardo Panjaitan,Stevi FR Lumbantobing,1,1,Jl. Dr. Kasih Blok A No.9. ( Dekat STIE Kasih Bangsa). Kebun Jeruk. Jakarta Barat.,26/08/2019,Belum sekolah,Belum bekerja,081362263933,jpandjaitan@yahoo.com
14/09/2021 11:27:50,Rohana Flora Sirait,Flora,Justin Sirait,Ulianna Br Gurning,1,9,Jl. Dr. Kasih Blok A. No.9. ( dekat STIE Kasih Bangsa). Kebun Jeruk. Jakarta Barat.,21/08/1952,SMA,Ibu rumah tangga,+6281316711825,R. Flora Sirait
16/09/2021 19:33:11,Rohana Flora Sirait,Flora,Justin Sirait,Ulianna Gurning,1,9,"Jl. E Ujung Kavling Agung Podomoro Blok A-9 Kebun Jeruk, Jakarta Barat ",21/08/1952,SMA,Ibu Rumah Tangga ,+62 813 16711825,FB : Flora Sirait
16/09/2021 8:39:58,Hotnida Sirait,"Hot, Mak Pika, Mak Priska",Justin Sirait,Uliana Gurning,2,9,Sei Bahbolon 33 Medan 20154,23/05/1954,S2,Ibu rumah tangga,081361611333,FB Hotnida Sirait 
14/09/2021 10:27:38,Raja Pangihutan Sirait,Raja,Justin Sirait,Uliana Gurning,3,9,Jl. Nusa Permai Malibu Blok A No. 65 Medan,17/08/1956,S1,Wiraswasta,0811633333,@rajasirait333
14/09/2021 14:56:27,Bernike Lorita Sirait,Lorita,Justin Sirait,U.Gurning,5,9,"Jl. Sei Putih Baru no.6B, Medan",09/06/1960,S-2,Ibu Rumah Tangga,081265319288,-
16/09/2021 11:40:35,Suryatna Aslinda Sirait,Ratna,Justin Sirait,U. Gurning,6,9,Jalan Fajar Damai I No. 15-17,06/08/1961,S1,Ibu Rumah Tangga,+6281310412025,-
14/09/2021 11:43:57,Brisben Sirait,Ben,Justin Sirait,U. Gurning,7,9,"Jl. Kertas Tik No. 1, Kel. Siopat Suhu Kec. Siantar Timur Kota Pematangsiantar 21136",22/02/1963,S1,Wiraswasta,08116142333,Brisben Sirait
14/09/2021 13:53:31,Rajamin Sirait SE,Rajamin,Justin Sirait,Ulianna Gurning,9,9,Kom Cemara Hijau blok F no 45-46,25/03/1966,Sarjana Ekonomi,Wiraswasta,082167053474,siraitrajamin@gmail.com
15/09/2021 16:10:12,Robert Dorman Sirait,Dorman,Justin Sirait ,Uliana Gurning ,4,9,"Domisili : Jln. Sei Batang Serangan No. 86, Medan, Sumatera Utara ",31/08/1958,Strata 1 (S1) Ekonomi,Wiraswasta,0813-6529-8333,Tidak punya sosial media
16/09/2021 11:32:46,"Drs. Mangaraja Pangihutan Hutauruk, M. Sc.",Mangaraja,M. H. Hutauruk,S. M. T. Situmeang,6,11,Jalan Fajar Damai I No. 15-17,03/05/1958,S2,Swasta,+62811103592,-
16/09/2021 11:30:20,Kristofel Hutauruk,Kristofel,M. P. Hutauruk,S. A. Sirait,2,3,Jalan Fajar Damai I No. 15-17,27/12/1990,S2,Aparatur Sipil Negara,+6281289764333,kristofel.hutauruk@gmail.com
16/09/2021 8:44:35,Dat Iman Surana,Iman,Maju Saragih,Namphaty Tarigan,4,5,"Debang Taman Sari A29, Jln Flamboyan Raya no.100 Medan 20135",13/05/1978,S1,Karyawan Swasta,0811651305,.
14/09/2021 11:46:00,Hanna Dumaris Lumbantobing,Hanna,Oloan Tobing,Elsye br Tampubolon,1,5,"Jl. Kertas Tik No. 1, Kel. Siopat Suhu Kec. Siantar Timur Kota Pematangsiantar 21136",13/05/1968,S1,Wiraswasta,0811621811,-
14/09/2021 10:35:09,Miduk Sirait,Miduk,Raja Pangihutan Sirait,Lucynda Tanjung,1,5,Jl. Nusa permai malibu Blok A No. 65 Medan,25/08/1977,-,-,-,-
14/09/2021 12:02:05,Easter Tiur Magdalena Sirait,Easter,Raja Pangihutan Sirait,Lucynda Tanjung,2,5,Jl. Alam Pesanggrahan IV Blok OH-19 No. 31 Cinere - Depok,11/04/1982,S2,Wiraswasta,0811610333,@eastersirait
14/09/2021 11:07:17,Franky Partogi Wijaya Sirait,Ogi,Raja Pangihutan Sirait,Lucynda Tanjung,5,5,Jl Nusa Permai Malibu A no 65,14/04/1989,S1,Wiraswasta,0811638555,"Email: miduk_srt@rocketmail.com, IG: @ogi_srt FB : ogi ogi"
16/09/2021 9:55:31,Yemima Asiro Naulitha Sinaga,Asiro,Regen Salem V. Sinaga,Dame Rotua Renova Panggabean,1,2,Jln Sakura III no 3 Medan 20131,21/09/2013,.,.,. ,.
16/09/2021 9:57:35,Jasmine Amoura Hosiana Sinaga,Mora,Regen Salem V. Sinaga,Dame Rotua Renova Panggabean,2,2,Jln Sakura III no 3 Medan 20131,10/07/2016,.,.,.,.
14/09/2021 11:11:03,Josephine Giovana Vinezia Sirait ,oci/apin,Robert Dorman Sirait,J H Gultom ,1,4,"Domisili : Jln. Sei Batang Serangan No 86 , Medan, Sumatera Utara ",03/01/1994,Strata 1 (S1),Karyawan Swasta ,wa : 0823-6544-4438 ,IG : jochypine 
14/09/2021 11:19:55,Raymond Lukas Hadianto Sirait ,Emon/Mon,Robert Dorman Sirait,J H Gultom ,2,4,"Domisili : Jln Sei Batang Serangan No 86, Medan, Sumatera Utara ",19/04/1995,Strata 1 (S1) Kesehatan Masyarakat,Karyawan ,0812-6887-7633,IG : raymondsrt
14/09/2021 14:55:26,Rizky Imannuel Sirait ,Kiki,Robert Dorman Sirait,J H Gultom ,3,4,"Domisili saat ini: Jln. Sei Batang Serangan No. 86, Medan, Sumatera Utara",26/11/1996,sedang menjalani Strata 1 (S1),Mahasiswa ,0857-3745-1545,IG : rizkyimannuel 
15/09/2021 15:22:39,Rainhard Hizkya Mauliate Sirait ,Kia,Robert Dorman Sirait,J H Gultom ,4,4,"Domisili : U 45 Residence, Jl. Palmerah Barat VI No.45, RT.9/RW.15, Palmerah, Kec. Palmerah, Kota Jakarta Barat, Daerah Khusus Ibukota Jakarta 11480",18/05/1998,sedang menjalani Strata 1 (S1),Mahasiswa ,WA : +62 813-9639-7308,IG : rainhardsirait
14/09/2021 11:58:50,Ferdinand Dermawan Simorangkir,Ferry,Robert Simorangkir,Emyda Siregar,1,3,Jl. Alam Pesanggrahan IV Blok OH-19 No. 31 Cinere,01/02/1980,S2,Pengacara,081219722232,-
14/09/2021 11:40:07,Christovan Yesayas Mulahabinsaran Panjaitan,Christo,Rolan Erick Marasal Panjaitan,Netty Berliana Hutapea,2,2,"De Park Cluster De Cajuputi Blok AA6 No.2, BSD City, Tangerang",29/12/2002,S1 (2021- ),Mahasiswa,081288337629,christovan.panjaitan@gmail.com
14/09/2021 11:08:52,Revinanda Venincia Pangaribuan,Nanda,Roy Pangaribuan,Linda Kaban,2,3,"Jl nusa permai malibu a no 65,medan",01/10/1990,S1,Dokter,08116553300,"Email: nanda.pangaribuan@yahoo.com, fb: nanda pangaribuan, ig: @nandapangaribuan"
16/09/2021 8:42:46,Priska Basariana Panggabean,"Pika, Priska",Rudolf Valentino Panggabean,Hotnida Sirait,1,4,"Debang Taman Sari A29, Jln. Flamboyan Raya No.100 Medan 20135",24/09/1979,S2,Ibu rumah tangga,081264203333,"FB Priska Panggabean, IG @pikapgbn"
16/09/2021 9:51:04,Dame Rotua Renova Panggabean,Dame,Rudolf Valentino Panggabean,Hotnida Sirait,2,4,Jln Sakura III no. 3 Medan 20131,06/09/1981,S1,Ibu rumah tangga,081260439333,. 
16/09/2021 11:52:38,Anggiat Firman Basarma Panggabean,Dedek,Rudolf Valentino Panggabean,Hotnida Sirait,4,4,Kalibata City Unit N/16/CG. Jalan Kalibata Raya No. 1 Jakarta Selatan,28/05/1987,Sarjana,Pegawai BUMN,081362024333,anggiat.f.panggabean@gmail.com
16/09/2021 9:53:55,Regen Salem V.Sinaga,Regen,S.B. Sinaga,Omarianon Habeahan,5,7,Jln Sakura III no 3 Medan 20131,16/09/1980,S1,Karyawan Swasta,081376640333,FB Regen Sinaga
14/09/2021 11:13:41,Eigar Lamgok Tardok,Eigar,Setin Damanik,Bernike Lorita Sirait,2,3,"Jl. Sei Putih Baru no.6b, Medan",09/01/1997,S-1,Karyawan Swasta,085922140722,eigarltd
17/09/2021 14:17:57,Joy Andrew Jagardo Panjaitan,Joy,Toga Oloan Panjaitan ,R. Flora Sirait,3,4,Jl. Dr. Kasih Blok A. No.9. ( dekat STIE Kasih Bangsa). Kebun Jeruk. Jakarta Barat.,01/04/1977,Diploma ,Wiraswasta,081362263933,jpandjaitan@yahoo.com
16/09/2021 12:47:13,Gressy Sylvia Cornelia ,Gressy,Toga Oloan Panjaitan ,Rohana Flora Sirait,2,4,"Jl. E Ujung Kavling Agung Podomoro Blok A-9 Kebun Jeruk, Jakarta Barat",23/08/1974,S2 - Magister Profesi Psikologi,Karyawan Swasta,087876642223,FB : Gressy Sylvia Cornelia 
16/09/2021 21:16:08,Irvin Nelson Morado,Irvin,Toga Oloan Panjaitan ,R. Flora Sirait,4,4,Jl. E ujung kav Agung Podomoro blok a/8,19/02/1981,Sarjana,Wiraswasta,087882016464,irvinmorado@yahoo.com
,,,,,1,,,,,,,
,,,,,,,,,,,,
,,,,,3,,,,,,,
,,,,,,,,,,,,
,,,,,3,,,,,,,
,,,,,4,,,,,,,
,,,,,,,,,,,,
,,,,,,,,,,,,
,,,,,,,,,,,,
,,,,,1,,,,,,,